id,firstname,lastname,program_code,year,gender
2024-9090,Test,User,BSBIO-BOT,1,Male
2027-9999,John,Smith,BSCE,1,Male
2023-8000,Kim,Chiu,BSA,1,Female
2023-0022,Arthur,Kim,N/A,1,Male
2023-0002,Lit,Romania,BSCS,5,Male
2020-0012,Kythe,Florence,BSCA,3,Male
2024-0004,Arra,Bella,BSMB,1,Male
2024-0201,Mark,Reyes,BSCS,1,Male
2024-0202,Anna,Santos,BSIT,2,Female
2024-0203,Paolo,Cruz,BSCE,3,Male
2024-0204,Liza,Mendoza,BSA,1,Female
2024-0205,Ryan,Garcia,BSIS,2,Male
2024-0206,Joy,Navarro,BSN,1,Female
2024-0207,Kevin,Dela Cruz,BSIT,4,Male
2024-0208,Trisha,Ramos,BSPSYCH,1,Female
2024-0209,Daniel,Fernandez,BSCS,3,Male
2024-0210,Maria,Lopez,BSED-MAT,2,Female
2024-0211,Joshua,Torres,BSCPE,1,Male
2024-0212,Alyssa,Flores,BSIS,3,Female
2024-0214,Shane,Rivera,BSBA-MM,1,Female
2024-0215,Ethan,Castro,BSME,4,Male
2024-0216,Carla,Domingo,BSN,2,Female
2024-0217,Noel,Villanueva,BSIT,1,Male
2024-0218,Jasmine,Salazar,BAPSYCH,3,Female
2024-0219,Leo,Bautista,BSEE,2,Male
2024-0220,Nicole,Aquino,BSED-BIO,1,Female
2024-0221,Adrian,Padilla,BSCS,2,Male
2024-0222,Rose,Aguilar,BSIS,3,Female
2024-0223,Carl,Valdez,BSCE,4,Male
2024-0224,Megan,Lim,BSA,1,Female
2024-0225,Sean,Uy,BSIT,1,Male
2024-0226,Angel,Perez,BSN,2,Female
2024-0227,Marco,Chavez,BSCHE,3,Male
2024-0228,Karen,Espinoza,BAPHILO,1,Female
2024-0229,Victor,Montoya,BSEM,2,Male
2024-0230,Paula,Robles,BSED-FIL,3,Female
2024-0231,Harold,Alvarez,BSCS,4,Male
2024-0232,Denise,Cortez,BSIT,2,Female
2024-0233,Ralph,Suarez,BSESE,1,Male
2024-0234,Camille,Bernardo,BSBA-MM,3,Female
2024-0235,Gerald,David,BSIS,2,Male
2024-0236,Ivy,Velasco,BSN,1,Female
2024-0237,Arnold,Manalo,BSCPE,4,Male
2024-0238,Sophia,Yap,BASOCIO,2,Female
2024-0239,Rico,Pangilinan,BSEE,3,Male
2024-0240,Leah,Hernandez,BEED-SCIMAT,1,Female
2024-0241,Joel,Francisco,BSCS,1,Male
2024-0242,Tina,Abad,BSIT,2,Female
2024-0243,Bryan,Morales,BSME,4,Male
2024-0244,Faith,De Leon,BSE,3,Female
2024-0245,Oscar,Soriano,BSIS,2,Male
2024-0246,Rina,Batista,BSN,1,Female
2024-0247,Jason,Pineda,BSIT,3,Male
2024-0248,Kylie,Go,BAPOLSCI,4,Female
2024-0249,Allan,Balagtas,BSCE,1,Male
2024-0250,Nina,Arroyo,BSED-CHEM,2,Female
2024-0251,Francis,Malik,BSCS,3,Male
2024-0252,Bea,Sy,BSIS,1,Female
2024-0253,Jordan,Kho,BSCHEM,2,Male
2024-0254,Clara,Tan,BSBA-MM,4,Female
2024-0255,Henry,Ong,BSIT,1,Male
2024-0256,Lucy,Co,BSN,2,Female
2024-0257,Steve,Ang,BSEE,3,Male
2024-0258,Mika,Cheng,BAPHILO,1,Female
2024-0259,Noah,Liu,BSCE,2,Male
2024-0260,Grace,Wong,BSED-PHY,3,Female
2024-0261,Peter,Chan,BSCS,4,Male
2024-0262,Aira,See,BSIS,1,Female
2024-0263,Lester,Tiu,BSME,2,Male
2024-0264,Chloe,Lam,BSA,3,Female
2024-0265,Ramon,Quinto,BSIT,1,Male
2024-0266,Daisy,Macaraeg,BSN,4,Female
2024-0267,Neil,Pagdanganan,BSEE,2,Male
2024-0268,Sheena,Marquez,BAPSYCH,3,Female
2024-0269,Victorino,Lozano,BSCE,1,Male
2024-0270,Patricia,Evangelista,BSED-MAT,2,Female
2024-0271,Anton,Salvador,BSCS,3,Male
2024-0272,Lorraine,Tan,BSIS,1,Female
2024-0273,Erick,Romero,BSME,2,Male
2024-0274,Mabel,Castillo,BSA,4,Female
2024-0275,John Paul,Vega,BSIT,1,Male
2024-0276,Clarisse,Reyes,BSN,2,Female
2024-0277,Edgar,Navales,BSCPE,3,Male
2024-0278,Samantha,Cruz,BAPHILO,1,Female
2024-0279,Mark Anthony,Fajardo,BSEE,2,Male
2024-0280,Jennylyn,Agustin,BSED-BIO,3,Female
2024-0281,Leo Mark,Bautista,BSCS,4,Male
2024-0282,Rachel,Soriano,BSIS,1,Female
2024-0283,Christian,Padua,BSCE,2,Male
2024-0284,Angela,Montes,BSA,3,Female
2024-0285,Kevin James,Ramos,BSIT,1,Male
2024-0286,Marielle,Lopez,BSN,2,Female
2024-0287,Jerome,Castro,BSME,3,Male
2024-0288,Catherine,Lim,BASOCIO,4,Female
2024-0289,Raymond,Uy,BSCE,1,Male
2024-0290,Dianne,Perez,BSED-FIL,2,Female
2024-0291,Patrick John,David,BSCS,3,Male
2024-0292,Anne,Santos,BSIS,1,Female
2024-0293,Carlo,Mendoza,BSCHE,2,Male
2024-0294,Rosemarie,Garcia,BSA,3,Female
2024-0295,Stephen,Rivera,BSIT,4,Male
2024-0296,Jasmin,Navarro,BSN,1,Female
2024-0297,Paul,Domingo,BSCPE,2,Male
2024-0298,Lovelyn,Salazar,BAPSYCH,3,Female
2024-0299,Anthony,Bernardo,BSME,1,Male
2024-0300,Kristine,Flores,BSED-MAT,2,Female
2023-9990,Ravi Kylo,Smith,BPE,1,Male
2024-0812,Artuur,Neru,BETMET,2,Male
2024-0811,Arthur,User,BETMET,5,Male
2021-3001,Carl,Fernandez,BSENE,4,Female
2021-3002,Grace,Gonzales,BSCHEM,4,Male
2026-3003,Ivy,Villanueva,BSENE,5,Female
2020-3004,Alyssa,Castro,BSEM,3,Female
2026-3005,Patrick,Lopez,BAPAN,4,Female
2025-3006,Harold,Bautista,BSBIO-BOT,5,Female
2021-3007,Nicole,Hernandez,BSED-BIO,5,Male
2026-3008,Camille,Suarez,BSA,2,Female
2023-3009,Joshua,Rivera,BEED-LE,1,Male
2025-3010,Victor,Dela Cruz,BETMET,3,Male
2021-3011,Paul,Velasco,BSHM,3,Male
2022-3012,Carla,Domingo,BSCA,2,Male
2022-3013,Ralph,Robles,BSIS,5,Female
2026-3014,Gerald,Uy,BSA,3,Female
2024-3015,Rico,Uy,BSCE,5,Female
2020-3016,Ivy,Rivera,BSCPE,4,Male
2024-3017,Marco,Aguilar,BTLED-IA,4,Male
2023-3018,Gerald,Valdez,BAELS,1,Female
2025-3019,Anna,Alvarez,BETELET,3,Male
2026-3020,Nicole,Valdez,BSBA-MM,5,Male
2020-3021,Paul,Domingo,BAPAN,4,Male
2021-3022,Grace,Mendoza,BAELS,2,Male
2025-3023,Arnold,Yap,BETELET,4,Male
2026-3024,Kevin,Ramos,BETCHET,2,Female
2025-3025,Nicole,Castro,BSIS,2,Male
2026-3026,Leo,Navarro,BSN,4,Male
2025-3027,Angel,David,BSIS,2,Male
2022-3028,Ivy,Uy,BSE,3,Female
2024-3029,Jasmine,Garcia,BSE,5,Male
2020-3030,Nicole,Valdez,BSPHY,1,Male
2025-3031,Carla,Reyes,BETCET,5,Female
2026-3032,Grace,Gonzales,BAPAN,4,Female
2024-3033,Marco,Rivera,BEED-SCIMAT,2,Female
2020-3034,Shane,Aquino,BSBIO-ANBIO,3,Female
2020-3035,Sophia,Navarro,BSBIO-ANBIO,3,Female
2023-3036,Daniel,Flores,BSMAT,5,Female
2023-3037,Ethan,Suarez,BSCS,1,Female
2026-3038,Leo,Lim,BSCHEM,3,Female
2022-3039,Camille,Uy,BSME,3,Female
2021-3040,Jasmine,Gonzales,BSED-CHEM,1,Male
2021-3041,Ralph,Fernandez,BSPSYCH,4,Male
2021-3042,Nicole,Pangilinan,BAHIS,1,Male
2021-3043,Joshua,Villanueva,BSIT,2,Female
2022-3044,Sean,Lopez,BETMMT,1,Male
2026-3045,Grace,Pangilinan,BAELS,2,Male
2025-3046,Ivy,Fernandez,BASOCIO,3,Male
2026-3047,Marco,Navarro,BAHIS,4,Female
2026-3048,Ralph,Montoya,BSCHEM,5,Female
2026-3049,Denise,Yap,BSPHY,5,Female
2023-3050,Grace,Salazar,BAPSYCH,5,Female
2021-3051,Leo,Padilla,BSCE,3,Female
2025-3052,Paul,Rivera,BSED-CHEM,2,Male
2026-3053,Karen,Castro,BPE,5,Male
2021-3054,Karen,Reyes,BAPSYCH,4,Male
2022-3055,Victor,Ramos,BETESET,2,Female
2025-3056,Noel,Torres,BSE,4,Male
2021-3057,Rico,Bernardo,BTLED-IA,5,Male
2023-3058,Angel,Aquino,BSCA,2,Male
2024-3059,Gerald,Santos,BSCPE,3,Male
2024-3060,Ivy,Uy,BAPSYCH,2,Female
2022-3061,Alyssa,Padilla,BSN,1,Male
2020-3062,Anna,Uy,BEED-SCIMAT,1,Female
2025-3063,Ethan,Torres,BSCHE,1,Female
2023-3064,Rico,Padilla,BSED-BIO,5,Female
2021-3065,Sean,Pangilinan,BSED-CHEM,1,Male
2022-3066,Leo,Rivera,BSCA,1,Male
2025-3067,Angel,Chavez,BSED-BIO,4,Female
2023-3068,Sean,Garcia,BSED-FIL,5,Male
2022-3069,Marco,Valdez,BETCET,5,Female
2024-3070,Victor,Bautista,BETMET,1,Male
2026-3071,Sean,Gonzales,BSED-FIL,5,Female
2022-3072,Grace,Robles,BSED-BIO,5,Male
2023-3073,Rose,Torres,BSBIO,3,Female
2021-3074,Marco,Garcia,BAPHILO,2,Female
2025-3075,Kevin,Domingo,BSED-CHEM,1,Female
2021-3076,Harold,Uy,BSPHY,4,Male
2024-3077,Paul,Bautista,BAPAN,3,Female
2023-3078,John,Chavez,BSME,3,Female
2026-3079,Megan,Villanueva,BSBIO-ANBIO,1,Female
2023-3080,Carla,Aquino,BTLED-HOMECO,4,Female
2020-3081,Daniel,Rivera,BSED-FIL,2,Female
2023-3082,Victor,Navarro,BAFIL,4,Male
2021-3083,Megan,Ramos,BPE,3,Female
2023-3084,Shane,Robles,BSMB,4,Male
2023-3085,Anna,Valdez,BSPSYCH,3,Male
2023-3086,Sophia,Suarez,BSCHEM,4,Male
2023-3087,Paula,Alvarez,BSBIO-BOT,2,Male
2024-3088,Leah,Lim,BSCE,2,Male
2024-3089,John,Chavez,BSED-MAT,5,Female
2024-3090,John,Lopez,BSENE,3,Male
2021-3091,Patrick,Salazar,BTVTED-DT,2,Female
2021-3092,Joshua,Dela Cruz,BSED-PHY,1,Female
2020-3093,Rose,Bautista,BSED-FIL,5,Female
2025-3094,Marco,Fernandez,BAPHILO,1,Male
2020-3095,Ethan,Bernardo,BSIAM,2,Female
2026-3096,Joshua,David,BAHIS,1,Male
2021-3097,Ivy,Valdez,BSBIO-BOT,2,Female
2024-3098,Shane,Chavez,N/A,5,Male
2023-3099,Carl,Valdez,BSMAT,1,Female
2021-3100,Jasmine,Santos,BETCET,5,Female
2023-3101,Trisha,Bernardo,BSED-MAT,2,Male
2025-3102,Mark,Alvarez,BSEM,3,Male
2026-3103,Megan,Lopez,BEED-SCIMAT,5,Female
2024-3104,Gerald,Valdez,BSIT,3,Male
2021-3105,Ivy,Ramos,BSPHY,3,Male
2021-3106,Leo,David,BETESET,2,Female
2022-3107,Mark,Mendoza,BSCA,2,Male
2026-3108,Paul,Chavez,BTVTED-DT,3,Female
2026-3109,Trisha,Suarez,BSPHY,5,Female
2025-3110,Angel,Gonzales,BSPSYCH,4,Male
2023-3111,Anna,Castro,BSCHE,1,Male
2023-3112,Angel,Fernandez,BSCHEM,2,Female
2023-3113,Nicole,Ramos,BSBA-MM,1,Female
2022-3114,Victor,Salazar,BSBIO-BOT,1,Male
2021-3115,Leah,Hernandez,BTVTED-DT,2,Male
2025-3116,Sophia,Manalo,BSMB,2,Female
2026-3117,Leo,Padilla,BAELS,4,Male
2024-3118,Leah,Fernandez,BSMAT,5,Male
2025-3119,Harold,Villanueva,BSIAM,2,Female
2021-3120,Adrian,Dela Cruz,BETMET,5,Female
2022-3121,Mark,Ramos,BSMB,3,Male
2022-3122,Adrian,Garcia,BAPOLSCI,3,Male
2022-3123,Camille,Uy,BSBIO,1,Male
2021-3124,Joshua,Reyes,BSED-FIL,3,Male
2022-3125,Gerald,Padilla,BSIT,1,Female
2022-3126,Adrian,Valdez,BETCHET,4,Male
2026-3127,Ethan,Uy,BAHIS,3,Female
2025-3128,Ethan,Santos,BSEE,2,Male
2021-3129,Kevin,Alvarez,BSA,5,Male
2024-3130,Leo,Lim,BEED-LE,3,Male
2021-3131,Carl,Santos,BSCE,3,Female
2021-3132,Adrian,Pangilinan,BETCHET,4,Female
2023-3133,John,Torres,BASOCIO,1,Female
2022-3134,Victor,Velasco,BSBA-MM,5,Male
2022-3135,Megan,Dela Cruz,BAPSYCH,3,Female
2024-3136,Maria,Robles,BSPSYCH,4,Male
2022-3137,Ralph,Valdez,BSE,4,Male
2025-3138,Jasmine,Padilla,BPE,5,Female
2025-3139,Denise,Navarro,BSEE,5,Female
2026-3140,Carl,David,BTLED-IA,1,Female
2024-3141,Mark,Aquino,BSBIO,5,Female
2022-3142,Carl,Aquino,BSE,1,Female
2022-3143,Rose,Espinoza,BETESET,2,Male
2024-3144,Megan,Velasco,BSED-MAT,2,Female
2026-3145,Daniel,Torres,BSSTAT,4,Male
2020-3146,Ralph,Bautista,BASOCIO,1,Male
2020-3147,Sophia,Robles,BSESE,1,Male
2023-3148,Carl,Castro,BSPSYCH,2,Male
2025-3149,Victor,Mendoza,N/A,3,Female
2024-3150,Anna,Bernardo,BSCA,4,Female
2024-3151,Paul,Domingo,BSED-FIL,4,Male
2023-3152,Patrick,Lopez,BAPSYCH,1,Female
2025-3153,Sophia,Espinoza,BTVTED-DT,1,Female
2022-3154,Trisha,Uy,BSMB,2,Male
2025-3155,Shane,Bautista,BTVTED-DT,2,Female
2025-3156,Ralph,Alvarez,BSIT,1,Female
2026-3157,Rose,Velasco,BTLED-IA,1,Male
2024-3158,Noel,Robles,BAPAN,4,Male
2025-3159,Alyssa,Pangilinan,BSHM,4,Male
2020-3160,Maria,Lopez,BETCHET,1,Female
2026-3161,Sean,Suarez,BSMETE,5,Male
2026-3162,Megan,Montoya,BSCHEM,4,Male
2020-3163,Carl,David,BSCS,2,Female
2023-3164,Nicole,Aquino,BSMB,5,Male
2026-3165,Gerald,Mendoza,BSED-BIO,2,Female
2020-3166,Gerald,Hernandez,BPE,3,Female
2021-3167,Megan,Torres,BSN,3,Female
2023-3168,Noel,Chavez,BETCHET,3,Female
2026-3169,Carla,Montoya,BAFIL,1,Male
2025-3170,Trisha,Santos,BETCET,4,Female
2021-3171,Anna,Hernandez,BSED-MAT,2,Male
2025-3172,Sophia,Pangilinan,BSBIO,4,Female
2020-3173,Ivy,Yap,BETCET,2,Male
2020-3174,Sophia,Bautista,BEED-LE,1,Male
2024-3175,Kevin,Lim,BETCHET,2,Male
2024-3176,Denise,Reyes,BSEM,5,Male
2025-3177,Sophia,Villanueva,BSED-BIO,3,Female
2025-3178,Angel,Aguilar,BSEE,1,Female
2023-3179,John,Bautista,BASOCIO,1,Male
2021-3180,Nicole,Perez,BSED-PHY,3,Male
2022-3181,Ivy,Perez,BSCPE,4,Female
2020-3182,Arnold,Navarro,BSED-CHEM,3,Male
2024-3183,Marco,Salazar,BSCPE,2,Male
2021-3184,Nicole,Bautista,BTLED-HOMECO,3,Male
2025-3185,Sean,Ramos,BSPHY,3,Female
2021-3186,Carla,Montoya,BSSTAT,4,Male
2024-3187,Sophia,Villanueva,BETMMT,1,Female
2020-3188,Anna,Hernandez,BSSTAT,1,Male
2022-3189,Ralph,Padilla,BSED-MAT,1,Male
2022-3190,Harold,Uy,BSPHY,1,Female
2022-3191,Harold,Lim,BSBIO,2,Male
2026-3192,Kevin,Gonzales,BSBIO-BOT,5,Male
2026-3193,John,Domingo,BSIAM,1,Female
2024-3194,Leah,Castro,BSED-CHEM,3,Female
2022-3195,Denise,Flores,BTLED-IA,2,Female
2024-3196,Daniel,Chavez,BSCHE,1,Male
2021-3197,Carla,Domingo,BSBIO-BOT,1,Male
2020-3198,Leah,Villanueva,BSSTAT,1,Male
2021-3199,Paula,Domingo,BETMMT,1,Female
2023-3200,Shane,Santos,BSCHEM,3,Male
2025-3201,Ralph,Uy,BSME,1,Female
2025-3202,Angel,Hernandez,BSEE,3,Male
2025-3203,Maria,Cortez,BSCE,4,Male
2024-3204,Ivy,Espinoza,BEED-LE,5,Male
2026-3205,Joy,Yap,BPE,4,Male
2020-3206,Leah,Villanueva,BSN,1,Male
2023-3207,Victor,Rivera,BSMETE,2,Female
2025-3208,Harold,Fernandez,BSENE,1,Female
2026-3209,Carla,Uy,BSIT,3,Female
2024-3210,Paul,Domingo,BSE,2,Male
2021-3211,Noel,Lopez,BSA,3,Male
2022-3212,Rose,Castro,BSIT,1,Female
2022-3213,Leo,Santos,BSBIO-ANBIO,5,Female
2022-3214,Kevin,Garcia,BSBIO-ANBIO,2,Female
2026-3215,Daniel,Robles,BSED-BIO,2,Male
2024-3216,Ethan,Dela Cruz,BAPOLSCI,4,Male
2024-3217,Carla,Santos,BSCHE,4,Female
2023-3218,Karen,Mendoza,BSPHY,2,Female
2020-3219,Ethan,Castro,BTLED-HOMECO,1,Female
2024-3220,Shane,Santos,BEED-LE,2,Male
2022-3221,Arnold,Suarez,BETELET,3,Male
2021-3222,Rico,Alvarez,BAHIS,5,Female
2026-3223,Ivy,Lopez,BSED-CHEM,5,Male
2026-3224,Adrian,Lim,BSMAT,5,Male
2022-3225,Sean,Yap,BETMET,1,Male
2025-3226,Alyssa,Pangilinan,BETESET,2,Female
2026-3227,Karen,Manalo,BSPHY,1,Male
2020-3228,Marco,Cortez,BSEE,3,Female
2020-3229,Joshua,Mendoza,BAHIS,3,Male
2025-3230,Ethan,Gonzales,BSED-FIL,3,Female
2022-3231,Mark,Espinoza,BASOCIO,5,Female
2026-3232,Victor,Villanueva,BETCHET,2,Male
2024-3233,Ralph,Yap,BETESET,1,Male
2020-3234,Joy,Yap,BAFIL,5,Female
2026-3235,Daniel,David,BSCHEM,5,Male
2023-3236,Victor,Salazar,BAPOLSCI,2,Male
2021-3237,Angel,Garcia,BSPSYCH,1,Male
2021-3238,Megan,Santos,BSHM,3,Male
2020-3239,Victor,Uy,BPE,4,Female
2022-3240,Rico,Yap,BASOCIO,5,Male
2024-3241,Noel,Chavez,BAFIL,2,Female
2025-3242,Denise,Gonzales,BSCPE,5,Male
2024-3243,Alyssa,Padilla,BSME,3,Male
2022-3244,Marco,Flores,BAPAN,5,Male
2024-3245,Anna,Santos,BSBA-MM,2,Female
2021-3246,Leah,Yap,BSMAT,4,Female
2020-3247,Sophia,Robles,BSCA,4,Male
2020-3248,Mark,Padilla,BSME,4,Male
2021-3249,Joshua,Cruz,BSME,5,Male
2025-3250,Trisha,Garcia,BSEM,4,Female
2024-3251,Grace,Salazar,BAHIS,4,Male
2025-3252,Angel,Castro,BSPSYCH,4,Female
2026-3253,Sophia,Alvarez,BSCE,3,Male
2021-3254,John,Aquino,BSCERE,5,Female
2021-3255,Sean,Gonzales,BSSTAT,4,Male
2022-3256,Harold,Pangilinan,BSED-BIO,5,Male
2023-3257,Harold,Santos,BETMMT,2,Female
2024-3258,Rico,Garcia,BSPSYCH,4,Female
2025-3259,Grace,Alvarez,BPE,3,Female
2020-3260,Gerald,Cortez,BSBA-MM,1,Female
2023-3261,Sophia,Pangilinan,BTVTED-DT,4,Female
2026-3262,Jasmine,Chavez,BETELET,3,Male
2023-3263,Denise,Montoya,BSA,2,Male
2020-3264,Mark,Mendoza,BASOCIO,4,Male
2024-3265,Jasmine,David,BSBIO,1,Male
2022-3266,John,Lim,BAFIL,2,Male
2022-3267,Paul,Santos,BSIS,3,Female
2022-3268,Joy,Domingo,BEED-SCIMAT,1,Male
2023-3269,Joy,Reyes,BTLED-IA,2,Female
2021-3270,Camille,Garcia,BSCA,5,Female
2024-3271,Carl,David,BETCET,3,Female
2023-3272,Gerald,Dela Cruz,BEED-SCIMAT,3,Male
2024-3273,Leo,Pangilinan,BSBIO,2,Male
2026-3274,Paula,Garcia,BAPOLSCI,1,Female
2023-3275,Ralph,Bautista,BAFIL,3,Female
2025-3276,Rico,Cortez,BSBIO-BOT,3,Female
2022-3277,Karen,Lim,BSENE,3,Male
2022-3278,John,Espinoza,BAPHILO,3,Male
2021-3279,Paul,Cortez,BSCS,2,Female
2025-3280,Ethan,Rivera,BETCET,1,Female
2026-3281,Megan,Ramos,BSBIO-ANBIO,1,Female
2020-3282,Noel,Reyes,BASOCIO,5,Female
2026-3283,Sophia,David,BTLED-HOMECO,4,Female
2022-3284,Joshua,Alvarez,BSMETE,1,Male
2022-3285,Anna,Perez,BSSTAT,2,Male
2020-3286,Ethan,Villanueva,BSN,5,Male
2024-3287,Shane,Garcia,BTLED-HOMECO,4,Male
2026-3288,Megan,Dela Cruz,BSPSYCH,3,Female
2020-3289,Angel,Velasco,BETESET,4,Male
2020-3290,Joshua,Manalo,BETELET,3,Male
2020-3291,Arnold,Dela Cruz,BSEE,4,Female
2022-3292,Maria,Cruz,BSIS,2,Male
2023-3293,Ivy,Cruz,BSIAM,4,Male
2020-3294,Karen,Lopez,BSPHY,4,Male
2022-3295,Daniel,Perez,BETELET,1,Female
2025-3296,Ivy,Alvarez,BSHM,1,Female
2021-3297,Sean,Padilla,BEED-LE,3,Male
2026-3298,Paula,Torres,BSED-PHY,1,Female
2025-3299,John,Domingo,BSCA,1,Male
2025-3300,Ethan,Domingo,BSEE,4,Female
2024-3301,Angel,Aquino,BSME,4,Female
2023-3302,Patrick,Uy,BPE,2,Female
2025-3303,Rico,Alvarez,BSBIO,1,Male
2023-3304,Nicole,Castro,BASOCIO,3,Female
2021-3305,Paul,Fernandez,N/A,3,Male
2021-3306,Ethan,Torres,BSENE,4,Male
2026-3307,Anna,Flores,BAELS,3,Female
2024-3308,Victor,Alvarez,BTVTED-DT,1,Male
2026-3309,Rico,Espinoza,BSED-CHEM,5,Female
2023-3310,Jasmine,Lim,BETMMT,3,Male
2026-3311,Harold,Salazar,BSBIO-BOT,1,Male
2025-3312,Denise,Pangilinan,BEED-SCIMAT,5,Male
2023-3313,Paul,Reyes,BSME,3,Female
2024-3314,Adrian,Santos,N/A,3,Female
2020-3315,Ivy,Yap,BAPOLSCI,4,Female
2022-3316,Paula,Reyes,BAELS,1,Female
2025-3317,Paula,Aguilar,BTVTED-DT,5,Male
2023-3318,Paula,Chavez,BSPSYCH,2,Male
2026-3319,Alyssa,Lopez,BAPOLSCI,3,Female
2025-3320,Paula,Lopez,BSBIO-BOT,4,Male
2021-3321,Anna,Suarez,BAPSYCH,2,Female
2023-3322,Carla,Reyes,BETMET,1,Female
2026-3323,John,Lopez,BETCET,4,Male
2020-3324,Kevin,Bautista,BETESET,2,Male
2022-3325,Nicole,Salazar,BSCS,4,Female
2026-3326,Ralph,Cortez,BSBIO,3,Female
2021-3327,Arnold,Manalo,BSN,1,Male
2024-3328,Sean,David,BSED-CHEM,3,Male
2023-3329,Leo,Aquino,BSED-BIO,1,Male
2021-3330,Shane,Chavez,BSSTAT,2,Male
2025-3331,Leo,Dela Cruz,BSCERE,2,Female
2024-3332,Marco,Domingo,BAHIS,2,Female
2024-3333,Rose,Salazar,BSPHY,4,Male
2022-3334,Mark,Chavez,BTLED-HOMECO,2,Male
2023-3335,Nicole,Navarro,BSCHEM,4,Male
2025-3336,Daniel,Valdez,BAHIS,1,Male
2023-3337,Anna,Espinoza,BEED-SCIMAT,1,Female
2021-3338,Gerald,Cortez,BAELS,4,Female
2026-3339,Sophia,Domingo,BSCS,1,Female
2024-3340,Mark,Velasco,BSBIO,1,Female
2025-3341,Alyssa,Bernardo,BSSTAT,3,Male
2025-3342,Kevin,Bernardo,BTVTED-DT,4,Female
2020-3343,Victor,Domingo,BAPAN,5,Male
2026-3344,Adrian,Lopez,BSIAM,1,Male
2023-3345,Rose,Pangilinan,BSCERE,3,Female
2025-3346,Patrick,Hernandez,BETCET,5,Male
2022-3347,Ethan,Villanueva,BSEE,3,Female
2020-3348,Karen,Espinoza,BAELS,3,Female
2022-3349,Nicole,Rivera,BASOCIO,4,Male
2025-3350,Angel,David,BSCA,3,Male
2021-3351,Alyssa,Garcia,BSHM,2,Male
2023-3352,Paula,Torres,BSIS,2,Male
2025-3353,Rose,Bernardo,BSHM,1,Male
2022-3354,Nicole,Ramos,BSMB,2,Male
2021-3355,Rose,Suarez,BSEE,2,Female
2022-3356,Rose,Perez,BSIAM,1,Female
2025-3357,Paula,Cortez,BAFIL,4,Male
2020-3358,Kevin,Manalo,BSCA,5,Male
2024-3359,Jasmine,Padilla,BSBA-MM,2,Female
2026-3360,Shane,Torres,BEED-SCIMAT,4,Female
2026-3361,John,Villanueva,BSENE,3,Female
2025-3362,Daniel,Rivera,N/A,1,Male
2021-3363,Grace,Dela Cruz,BSCPE,4,Female
2026-3364,John,Santos,BSCHE,1,Male
2022-3365,Ralph,Santos,N/A,5,Female
2021-3366,Victor,Manalo,BAPAN,2,Female
2021-3367,Angel,Domingo,BAFIL,2,Female
2025-3368,Paul,Valdez,BSBA-MM,5,Female
2026-3369,Carl,Rivera,BSN,5,Female
2022-3370,Harold,Cruz,BSN,2,Female
2025-3371,Rose,Cortez,BETCHET,4,Female
2022-3372,Sophia,Dela Cruz,BSED-MAT,2,Female
2025-3373,Sean,Suarez,BSIAM,1,Female
2022-3374,Maria,Velasco,BSPSYCH,4,Male
2024-3375,Maria,Lim,BSMB,4,Female
2020-3376,Kevin,Rivera,BETMET,1,Female
2024-3377,Victor,Cortez,BETESET,3,Male
2020-3378,Camille,Flores,BSBIO-ANBIO,4,Male
2020-3379,Noel,Mendoza,BASOCIO,5,Male
2026-3380,Rico,Manalo,BPE,5,Female
2024-3381,Carl,Bernardo,BEED-SCIMAT,1,Male
2021-3382,Grace,Suarez,BSIT,5,Female
2025-3383,Rico,Valdez,BSBA-MM,2,Male
2026-3384,Camille,Bernardo,BSENE,1,Female
2020-3385,Nicole,Bautista,BSME,5,Male
2020-3386,Sophia,Alvarez,BSIAM,3,Male
2023-3387,Carla,Velasco,BSME,5,Male
2024-3388,John,Reyes,BSIAM,4,Male
2026-3389,Anna,Salazar,BETCET,4,Female
2023-3390,Camille,Salazar,BSED-BIO,3,Male
2024-3391,Karen,Bernardo,BSHM,3,Female
2025-3392,Rose,Lim,BAPOLSCI,4,Male
2020-3393,Paula,Cortez,BSENE,1,Female
2026-3394,Denise,Torres,BSBA-MM,1,Female
2021-3395,Joy,David,BSEM,5,Female
2025-3396,Paul,Aquino,BETMMT,3,Female
2023-3397,Anna,Aguilar,BSME,1,Male
2022-3398,Carl,Aquino,BSCA,5,Female
2021-3399,Megan,Cortez,BSEM,2,Female
2024-3400,Grace,Flores,BPE,2,Male
2026-3401,Harold,Lopez,BSHM,1,Female
2025-3402,Gerald,Castro,BSMB,3,Male
2026-3403,Carla,David,BETCET,1,Male
2024-3404,Leah,Hernandez,BSCHEM,2,Male
2022-3405,Nicole,Lim,BAFIL,1,Female
2026-3406,Adrian,Montoya,BSBIO,2,Female
2024-3407,Paula,Perez,BSCERE,1,Male
2023-3408,Denise,Bautista,BSHM,3,Female
2023-3409,Leo,Chavez,BTLED-HOMECO,1,Male
2024-3410,Anna,Santos,BSA,1,Male
2021-3411,Sophia,Bernardo,BSED-FIL,1,Male
2022-3412,Sophia,Flores,BTLED-IA,5,Male
2025-3413,Sophia,Lim,BETESET,4,Female
2023-3414,Denise,Robles,BEED-LE,3,Male
2026-3415,Leo,Dela Cruz,BSEE,3,Female
2022-3416,Camille,Aquino,BTLED-IA,3,Female
2026-3417,Ethan,Montoya,BSEM,3,Female
2021-3418,Grace,Villanueva,BSCS,2,Male
2024-3419,Joshua,Rivera,BSMB,1,Male
2022-3420,Daniel,Aquino,BSCHE,5,Female
2022-3421,Maria,Santos,BSHM,4,Female
2025-3422,Ethan,Gonzales,BAHIS,3,Female
2021-3423,Joy,Aguilar,BSCA,3,Female
2026-3424,Grace,David,BSEE,2,Male
2020-3425,Joshua,Valdez,BSED-MAT,2,Female
2020-3426,Joy,Hernandez,BSED-FIL,2,Male
2026-3427,Rico,Villanueva,BSBIO,1,Male
2023-3428,Rose,Cruz,BETCET,5,Female
2020-3429,Nicole,Reyes,BSBIO-BOT,5,Male
2024-3430,Carl,Alvarez,BSPSYCH,3,Male
2022-3431,John,Yap,BSBIO-BOT,3,Female
2026-3432,Ivy,Robles,BSPHY,2,Female
2024-3433,Jasmine,Perez,BSED-MAT,3,Female
2021-3434,Shane,Pangilinan,BETCET,1,Female
2026-3435,Jasmine,Garcia,BETMMT,3,Male
2024-3436,Camille,David,BAHIS,1,Male
2026-3437,Noel,Chavez,BSBIO,3,Male
2022-3438,Grace,Perez,BSN,4,Male
2025-3439,Grace,Castro,BSMETE,4,Male
2022-3440,Ralph,Manalo,BAPAN,5,Female
2023-3441,Alyssa,Espinoza,BSSTAT,3,Female
2021-3442,Grace,Castro,BAPSYCH,3,Male
2024-3443,Arnold,Domingo,BSBIO-ANBIO,4,Female
2023-3444,Kevin,David,BSSTAT,5,Male
2021-3445,Paul,Robles,BSCERE,4,Female
2020-3446,Maria,Domingo,BAPHILO,1,Female
2023-3447,Jasmine,Lopez,BSED-CHEM,4,Male
2021-3448,Daniel,Cruz,BAELS,2,Female
2026-3449,Patrick,Mendoza,BETMMT,5,Male
2026-3450,Carl,Domingo,BSIT,3,Female
2022-3451,Camille,Lopez,BETESET,2,Male
2026-3452,Grace,Navarro,BSED-MAT,1,Female
2024-3453,Patrick,Torres,BASOCIO,1,Female
2023-3454,Harold,Ramos,BSBIO,1,Male
2024-3455,Ralph,Manalo,BSCERE,5,Male
2021-3456,Leah,Domingo,BSED-FIL,2,Female
2020-3457,Marco,Navarro,BSED-FIL,4,Male
2021-3458,Anna,Perez,BSMB,3,Male
2024-3459,Marco,Valdez,BSPSYCH,2,Male
2022-3460,Carl,Bautista,BSIT,2,Female
2025-3461,Marco,Gonzales,BSE,3,Female
2025-3462,Daniel,Perez,BETMET,4,Female
2024-3463,Noel,Reyes,BSHM,5,Female
2022-3464,Jasmine,Chavez,BSIT,1,Male
2024-3465,Ralph,Torres,BSCPE,4,Female
2024-3466,Rico,Cortez,BPE,4,Male
2026-3467,Trisha,Chavez,BSCE,1,Male
2020-3468,Denise,Fernandez,BETELET,1,Male
2022-3469,Rose,Reyes,BAELS,5,Female
2025-3470,Joshua,Hernandez,BSEE,3,Male
2024-3471,Jasmine,Gonzales,BSENE,2,Male
2021-3472,Shane,Ramos,BETESET,3,Male
2026-3473,Adrian,Mendoza,BAPSYCH,1,Female
2025-3474,Carl,Domingo,BSEE,4,Female
2024-3475,Noel,Robles,BSED-BIO,3,Male
2025-3476,Nicole,Ramos,BSED-CHEM,2,Female
2021-3477,Anna,Domingo,BAPSYCH,1,Female
2026-3478,Rose,Salazar,BSBIO,4,Female
2021-3479,Victor,Valdez,BAPOLSCI,2,Female
2026-3480,Trisha,Velasco,BSED-CHEM,4,Male
2023-3481,Marco,Aquino,BSED-FIL,2,Male
2023-3482,Camille,Gonzales,BAFIL,5,Female
2023-3483,Gerald,Navarro,BSN,2,Female
2023-3484,Megan,Mendoza,BAPSYCH,3,Male
2026-3485,Grace,Hernandez,BSED-PHY,2,Female
2020-3486,Harold,Fernandez,BSCPE,5,Female
2020-3487,Rico,Fernandez,BSBIO,5,Female
2022-3488,Gerald,Reyes,BEED-LE,3,Male
2022-3489,Nicole,Espinoza,BSIT,5,Male
2026-3490,Denise,Aguilar,BSBIO-ANBIO,1,Male
2023-3491,Megan,Garcia,BSEM,5,Female
2024-3492,Rico,Cortez,BSENE,1,Male
2025-3493,Jasmine,Fernandez,BSHM,2,Male
2022-3494,Maria,Suarez,BTLED-HOMECO,5,Male
2024-3495,Adrian,Montoya,BSBIO-ANBIO,2,Female
2021-3496,Angel,Lopez,BSEM,2,Male
2021-3497,Patrick,Garcia,BSME,4,Male
2020-3498,Anna,Lim,BSA,4,Male
2025-3499,Ralph,Bernardo,BSCHE,4,Male
2023-3500,Anna,Salazar,BSIS,4,Male
2021-3501,Leah,Suarez,BSE,3,Female
2024-3502,Marco,Garcia,BSCA,2,Female
2026-3503,Angel,Perez,BASOCIO,3,Male
2026-3504,Denise,Cortez,BSE,3,Female
2026-3505,Patrick,Pangilinan,BSCERE,1,Male
2024-3506,Nicole,Domingo,BSBA-MM,5,Male
2022-3507,Anna,Torres,BSME,2,Male
2026-3508,Angel,Villanueva,BTLED-IA,4,Male
2022-3509,Gerald,Lopez,BETESET,2,Female
2025-3510,Ralph,Castro,BSIS,4,Male
2021-3511,Joy,Espinoza,BSBIO,5,Female
2024-3512,Paula,Bernardo,BSED-FIL,3,Female
2020-3513,Carla,Bautista,BSE,4,Female
2023-3514,Denise,Navarro,BTVTED-DT,4,Female
2024-3515,Maria,Padilla,BAHIS,5,Female
2023-3516,Grace,Aquino,BSED-CHEM,4,Female
2026-3517,Camille,Hernandez,BEED-SCIMAT,3,Male
2023-3518,Mark,Cortez,BAFIL,1,Female
2024-3519,Paul,David,BAPSYCH,1,Male
2020-3520,Mark,Chavez,BSE,3,Female
2022-3521,Trisha,Castro,BSPSYCH,1,Female
2025-3522,Megan,Montoya,BETMMT,5,Male
2021-3523,Trisha,Lim,BAHIS,1,Male
2025-3524,Grace,Uy,BEED-LE,2,Male
2020-3525,Gerald,Perez,BSMB,5,Male
2020-3526,Joshua,Rivera,BSBIO-BOT,4,Male
2024-3527,Patrick,Robles,BETMMT,5,Male
2026-3528,Megan,David,BAPOLSCI,4,Female
2026-3529,Angel,Alvarez,BSED-MAT,1,Female
2021-3530,Shane,Montoya,BAPOLSCI,4,Female
2025-3531,Ivy,Dela Cruz,BEED-SCIMAT,2,Male
2026-3532,Alyssa,Padilla,BSCHEM,3,Male
2020-3533,Arnold,Santos,BSMB,2,Male
2025-3534,Adrian,Montoya,BSEE,5,Female
2025-3535,Sean,Manalo,BSCERE,2,Male
2021-3536,Carla,Perez,BETCHET,4,Male
2023-3537,Angel,Chavez,BEED-LE,1,Female
2025-3538,Mark,Padilla,BSIS,1,Male
2020-3539,Denise,Gonzales,BSME,1,Female
2021-3540,Kevin,Domingo,BSSTAT,1,Male
2026-3541,Ethan,Mendoza,BTLED-HOMECO,2,Male
2026-3542,Jasmine,Padilla,BAFIL,2,Male
2026-3543,Carl,Uy,BSCE,2,Male
2025-3544,Trisha,Suarez,BSED-FIL,5,Male
2026-3545,Camille,Uy,BSMB,4,Female
2025-3546,Harold,Ramos,BETCET,2,Male
2021-3547,Carl,Robles,BSPSYCH,2,Male
2026-3548,Joy,Villanueva,BAPAN,5,Male
2021-3549,Leo,Lim,BETCHET,2,Male
2026-3550,Nicole,Montoya,BSESE,2,Female
2022-3551,Maria,Dela Cruz,BSMB,5,Male
2023-3552,Alyssa,Suarez,BSBA-MM,4,Male
2025-3553,Alyssa,Ramos,BTLED-HOMECO,4,Female
2020-3554,Victor,Torres,BSMETE,4,Female
2020-3555,Ethan,Yap,BSE,3,Male
2021-3556,Trisha,Robles,BSEE,3,Male
2025-3557,Daniel,Garcia,BAELS,2,Male
2025-3558,John,David,BTVTED-DT,2,Female
2024-3559,Carla,Flores,BSHM,3,Male
2026-3560,Nicole,Villanueva,BSCE,5,Female
2022-3561,Rose,Lopez,BASOCIO,3,Female
2024-3562,Rose,Cortez,BAPHILO,1,Female
2026-3563,Megan,Robles,BASOCIO,3,Male
2020-3564,Sean,Lim,BSMAT,1,Female
2024-3565,Mark,Rivera,BSCHE,1,Female
2021-3566,Adrian,Espinoza,BSIAM,3,Male
2025-3567,Karen,Navarro,BAELS,5,Male
2026-3568,Sophia,Lim,BSMETE,2,Male
2021-3569,Noel,Bautista,BSIAM,1,Male
2021-3570,Mark,Hernandez,BSCA,2,Female
2020-3571,Ralph,David,BSEM,5,Female
2022-3572,Megan,Salazar,BSMETE,2,Female
2020-3573,Mark,Ramos,BEED-LE,3,Male
2024-3574,Ivy,Manalo,BSBA-MM,5,Male
2025-3575,Kevin,Velasco,BSIAM,2,Male
2020-3576,Noel,Bautista,BTLED-IA,2,Female
2023-3577,Grace,Villanueva,BSSTAT,4,Female
2024-3578,Gerald,Montoya,BSEM,2,Female
2022-3579,Kevin,Velasco,BPE,3,Female
2024-3580,Angel,Lopez,BSCE,4,Female
2023-3581,Carl,Rivera,BTLED-HOMECO,1,Female
2020-3582,Ethan,Fernandez,BSBA-MM,3,Male
2023-3583,Paul,Santos,BSHM,5,Female
2021-3584,Rose,Manalo,BETELET,2,Male
2023-3585,Ivy,Bautista,BSEE,5,Male
2021-3586,Gerald,Castro,BSCHEM,5,Female
2024-3587,Marco,Cortez,BETCET,1,Female
2020-3588,Leo,Uy,BSCA,1,Female
2021-3589,Rose,Aquino,BTVTED-DT,2,Male
2026-3590,Leah,Torres,BSBA-MM,3,Male
2026-3591,Joy,Aquino,N/A,2,Female
2020-3592,Leo,Domingo,BTVTED-DT,1,Male
2021-3593,John,Dela Cruz,BEED-LE,2,Male
2021-3594,Nicole,Gonzales,BSME,4,Female
2022-3595,Nicole,Mendoza,BEED-LE,5,Male
2026-3596,Denise,Castro,BSSTAT,2,Female
2022-3597,Maria,Chavez,BSBIO-ANBIO,5,Female
2025-3598,Ralph,Gonzales,BAELS,3,Female
2024-3599,Shane,Aquino,BSIT,1,Male
2021-3600,Ethan,Navarro,BSPHY,5,Female
2022-3601,Denise,Navarro,BSCHEM,4,Female
2025-3602,Daniel,Santos,BSMETE,2,Female
2021-3603,Adrian,Gonzales,BSIS,5,Female
2021-3604,Arnold,Domingo,BAPHILO,3,Male
2022-3605,Nicole,Montoya,N/A,5,Female
2024-3606,Carla,Mendoza,BPE,2,Male
2025-3607,Daniel,Padilla,BSCHE,1,Male
2022-3608,Daniel,Bernardo,BAPHILO,5,Female
2020-3609,Carla,Lim,BPE,4,Female
2026-3610,Ralph,Bautista,BETESET,2,Female
2025-3611,Joy,Santos,BAELS,2,Male
2022-3612,Leah,Padilla,BSED-PHY,4,Female
2025-3613,Angel,Lim,BSED-BIO,4,Female
2024-3614,Daniel,Valdez,BSCERE,1,Female
2021-3615,Paula,Manalo,BTLED-IA,4,Male
2020-3616,Rico,Torres,BTLED-HOMECO,5,Male
2022-3617,Nicole,Pangilinan,BAPOLSCI,2,Male
2023-3618,Victor,Gonzales,BAHIS,2,Female
2022-3619,Noel,Alvarez,BASOCIO,1,Male
2025-3620,Victor,Reyes,BSN,3,Female
2022-3621,Alyssa,Valdez,BETCET,5,Male
2026-3622,Rose,Gonzales,BSENE,2,Male
2021-3623,Mark,Velasco,N/A,5,Male
2022-3624,Trisha,Lopez,BSN,5,Male
2021-3625,Rose,Aguilar,BAPOLSCI,3,Male
2022-3626,Shane,Valdez,BSED-CHEM,3,Male
2024-3627,Karen,Salazar,BSA,5,Male
2025-3628,Sean,Hernandez,BSE,4,Male
2024-3629,Adrian,Dela Cruz,BSPHY,5,Female
2020-3630,Alyssa,Cortez,BAPOLSCI,1,Female
2025-3631,Leo,Cruz,BETMMT,3,Female
2022-3632,Shane,Manalo,BSCS,1,Female
2022-3633,Maria,Uy,BAPHILO,2,Male
2026-3634,Ethan,Cortez,BSPSYCH,5,Female
2020-3635,Sophia,Aguilar,BTLED-IA,3,Female
2023-3636,Joshua,Gonzales,BETCET,1,Female
2025-3637,Kevin,Aquino,BSCA,3,Male
2023-3638,Victor,Uy,BSPSYCH,4,Male
2025-3639,Leo,Santos,BSCERE,1,Male
2022-3640,Nicole,Bernardo,BSED-BIO,4,Female
2021-3641,Paul,Padilla,BTLED-IA,3,Female
2023-3642,Gerald,Aquino,BETMMT,5,Female
2025-3643,Ralph,Santos,BSIT,3,Female
2024-3644,Joshua,Chavez,BEED-SCIMAT,2,Male
2022-3645,Adrian,Espinoza,BSMB,2,Female
2023-3646,Victor,Gonzales,BSESE,4,Male
2021-3647,Angel,Santos,BSED-CHEM,1,Female
2024-3648,Gerald,Valdez,BSED-MAT,4,Male
2022-3649,Ralph,Perez,BSESE,4,Male
2023-3650,Paul,Domingo,BSCHE,4,Male
2020-3651,Joshua,Velasco,BAPSYCH,3,Female
2022-3652,Trisha,Flores,BSCHE,4,Male
2025-3653,Sophia,Padilla,BSCE,5,Female
2023-3654,Marco,Domingo,BSCHE,4,Female
2026-3655,Anna,Hernandez,BSME,3,Female
2020-3656,Marco,Navarro,BSPHY,4,Male
2020-3657,Jasmine,Gonzales,BETMET,5,Female
2025-3658,John,Velasco,BEED-LE,5,Male
2025-3659,Carla,Chavez,BSBIO,5,Female
2024-3660,Patrick,Ramos,BTVTED-DT,5,Male
2022-3661,Denise,Lim,BEED-LE,2,Female
2023-3662,Ethan,Aguilar,BSMETE,5,Male
2023-3663,Nicole,Lopez,BAELS,3,Male
2026-3664,Ivy,Hernandez,BEED-LE,4,Male
2021-3665,Leah,Velasco,BETELET,4,Female
2024-3666,Anna,Flores,BSCA,4,Female
2024-3667,Mark,Aguilar,BSMB,1,Male
2025-3668,Rico,Villanueva,BETESET,4,Male
2026-3669,Victor,Velasco,BAPHILO,1,Female
2024-3670,Ethan,Castro,BSMB,4,Female
2026-3671,Paul,Rivera,BSE,2,Male
2022-3672,Ivy,Padilla,BAPHILO,3,Male
2022-3673,Carl,Suarez,BSBIO,1,Female
2024-3674,Megan,Villanueva,BSIS,3,Female
2021-3675,Harold,Bernardo,BSESE,5,Female
2025-3676,Maria,Cortez,BSA,1,Male
2026-3677,Leah,Castro,BAPSYCH,2,Female
2021-3678,Daniel,Santos,BPE,5,Male
2024-3679,Noel,Valdez,BEED-SCIMAT,5,Female
2025-3680,Trisha,Pangilinan,BSPHY,5,Male
2025-3681,Daniel,Velasco,BSED-PHY,4,Male
2026-3682,Trisha,Torres,BSCHE,5,Female
2025-3683,Sean,Bernardo,BSSTAT,5,Male
2022-3684,Daniel,Robles,BTLED-HOMECO,1,Female
2025-3685,Leah,Montoya,BSCE,5,Female
2025-3686,Mark,Villanueva,BSBIO,1,Female
2020-3687,Shane,Aquino,BEED-SCIMAT,4,Male
2021-3688,Marco,Perez,BSBIO-ANBIO,1,Female
2020-3689,Harold,Alvarez,BSCPE,4,Female
2026-3690,Denise,Domingo,BTLED-HOMECO,2,Female
2020-3691,Sophia,David,N/A,2,Female
2022-3692,Carla,David,BETCHET,5,Female
2022-3693,Jasmine,Robles,BSIAM,5,Male
2025-3694,Alyssa,Torres,BSBIO,5,Male
2021-3695,Marco,Salazar,BAPAN,2,Female
2023-3696,Joy,Pangilinan,BSME,3,Male
2023-3697,Kevin,Suarez,BEED-LE,1,Female
2024-3698,Leah,Chavez,BSED-PHY,1,Female
2024-3699,Anna,Lopez,BSENE,1,Female
2022-3700,Sophia,Chavez,BAPOLSCI,2,Female
2023-3701,Rico,Domingo,BEED-LE,5,Female
2021-3702,Sean,Salazar,BSIS,4,Male
2026-3703,Camille,Aquino,BSPSYCH,2,Male
2025-3704,Jasmine,Castro,BSIT,5,Female
2023-3705,Karen,Espinoza,BSEM,1,Female
2022-3706,Leo,Uy,BSED-BIO,4,Male
2020-3707,Noel,Cruz,BSESE,2,Female
2025-3708,Patrick,Padilla,BSBIO,3,Male
2023-3709,Daniel,Flores,BSSTAT,5,Female
2024-3710,Denise,Cortez,BSCHEM,5,Female
2020-3711,Ethan,Salazar,BASOCIO,5,Female
2021-3712,Carl,Castro,BSED-PHY,1,Male
2023-3713,Anna,Hernandez,BSA,5,Female
2022-3714,John,Aquino,BSEE,1,Male
2022-3715,Trisha,Gonzales,BASOCIO,4,Female
2026-3716,Paul,Gonzales,BETCHET,3,Female
2021-3717,Nicole,Bautista,BSED-PHY,2,Male
2024-3718,Ralph,Dela Cruz,BSCHEM,2,Male
2021-3719,Camille,Manalo,BSED-MAT,5,Female
2020-3720,Paula,Espinoza,BSCHE,2,Male
2024-3721,Joy,Salazar,BSMB,3,Female
2026-3722,Gerald,Cruz,BEED-SCIMAT,4,Male
2021-3723,Marco,Chavez,BSED-MAT,3,Male
2024-3724,Mark,Pangilinan,BPE,4,Female
2026-3725,Patrick,Padilla,BSENE,1,Female
2020-3726,Joshua,Mendoza,BTVTED-DT,2,Male
2022-3727,Joshua,Suarez,BSME,2,Female
2022-3728,Karen,Cortez,BSHM,1,Female
2024-3729,Ethan,Manalo,BSME,1,Female
2021-3730,Noel,Bautista,BASOCIO,3,Male
2022-3731,Grace,Villanueva,BSCERE,2,Female
2025-3732,Ethan,Navarro,BSMB,4,Male
2024-3733,Noel,Ramos,BSCS,1,Female
2020-3734,Maria,Bernardo,BSEM,2,Male
2025-3735,Sean,Yap,BSED-PHY,4,Male
2026-3736,Marco,Pangilinan,N/A,4,Male
2025-3737,Leah,Robles,BSED-PHY,5,Female
2022-3738,Ralph,Chavez,BAPSYCH,3,Female
2026-3739,John,Torres,BSIS,5,Male
2023-3740,Ethan,Aguilar,BSEE,2,Female
2025-3741,Camille,Rivera,BASOCIO,3,Male
2026-3742,Karen,Villanueva,BSMAT,2,Female
2024-3743,Carla,Montoya,BETESET,3,Female
2020-3744,Carl,Torres,BSSTAT,3,Female
2022-3745,John,Reyes,BSED-BIO,2,Female
2024-3746,Rose,Garcia,BSN,4,Female
2021-3747,Karen,Torres,BSHM,2,Female
2020-3748,Ralph,Gonzales,BAELS,4,Female
2021-3749,Patrick,David,BSBIO,5,Male
2022-3750,Victor,Cruz,BSMB,3,Female
2020-3751,Anna,Santos,BETMET,5,Female
2022-3752,Harold,Rivera,BSMETE,3,Male
2025-3753,Daniel,Dela Cruz,BEED-SCIMAT,3,Female
2022-3754,Maria,Pangilinan,BAFIL,2,Male
2020-3755,Anna,Rivera,BSE,1,Female
2020-3756,Joy,Montoya,BETMMT,1,Male
2025-3757,Daniel,Montoya,BSBA-MM,2,Female
2025-3758,Patrick,Yap,BASOCIO,1,Female
2026-3759,Maria,Rivera,BSMB,1,Female
2022-3760,Leah,Valdez,BETESET,2,Male
2021-3761,Victor,Aquino,BSPHY,2,Female
2020-3762,Gerald,Domingo,BETCET,4,Male
2026-3763,Alyssa,Ramos,BSEM,3,Male
2026-3764,Karen,Salazar,BSED-MAT,4,Female
2022-3765,Leah,Rivera,BSA,3,Male
2024-3766,Mark,Navarro,BSMB,3,Female
2025-3767,Paula,Yap,BTLED-HOMECO,2,Male
2026-3768,Leah,Lim,BSBIO,4,Male
2021-3769,Leah,Espinoza,BSIS,1,Female
2024-3770,Carl,Aquino,BETCET,1,Female
2020-3771,Paul,Reyes,BETELET,3,Male
2023-3772,Sean,Montoya,BAELS,5,Male
2025-3773,Grace,Castro,BETELET,2,Female
2023-3774,Angel,Suarez,BSED-MAT,5,Female
2021-3775,Ralph,Aguilar,BEED-SCIMAT,3,Female
2025-3776,Sophia,Valdez,BSME,3,Female
2026-3777,Marco,Uy,BSED-FIL,3,Female
2024-3778,Joy,Manalo,N/A,3,Male
2021-3779,Joshua,Reyes,BSBIO-ANBIO,5,Female
2020-3780,Arnold,Padilla,BSSTAT,2,Female
2021-3781,Noel,Rivera,BSCERE,3,Male
2023-3782,Arnold,Torres,BSED-BIO,3,Female
2021-3783,Sophia,Gonzales,BAFIL,1,Male
2023-3784,Grace,Montoya,BEED-SCIMAT,3,Male
2026-3785,Harold,Domingo,BAPOLSCI,3,Female
2025-3786,Rose,Lim,BSIT,1,Male
2024-3787,Joshua,Villanueva,BSED-BIO,5,Female
2026-3788,Sophia,Cortez,BTLED-HOMECO,5,Female
2023-3789,Alyssa,Suarez,BSE,3,Male
2025-3790,Grace,Torres,BSCERE,5,Male
2020-3791,Ethan,Cortez,BSME,1,Female
2025-3792,Adrian,Manalo,BAPSYCH,5,Male
2022-3793,Leo,Pangilinan,BAPSYCH,3,Female
2023-3794,Harold,Castro,BETCHET,2,Male
2024-3795,Sean,Lopez,BSEE,2,Male
2023-3796,Ethan,Lopez,BSMB,4,Male
2022-3797,Anna,Santos,BETCET,1,Male
2021-3798,Rico,Chavez,BSED-MAT,4,Female
2020-3799,Mark,Mendoza,BAHIS,3,Female
2021-3800,Rico,Domingo,BAELS,2,Male
2023-3801,Paula,Torres,BSCE,5,Male
2025-3802,Patrick,Bautista,BSMAT,5,Female
2022-3803,Jasmine,Perez,BSPSYCH,2,Male
2024-3804,Grace,Reyes,BSEE,3,Female
2023-3805,Megan,Lopez,BAPAN,2,Female
2020-3806,Gerald,Gonzales,BSCERE,2,Female
2020-3807,Jasmine,Lim,BETMMT,4,Male
2023-3808,Paul,Bernardo,BSCA,3,Male
2022-3809,Patrick,Suarez,BSIT,3,Female
2020-3810,Adrian,Hernandez,BAPHILO,4,Male
2020-3811,Carla,Lopez,BETCET,1,Male
2024-3812,Shane,Bautista,BEED-SCIMAT,3,Male
2022-3813,Angel,Cortez,BETESET,3,Female
2023-3814,Paul,Uy,BSED-MAT,1,Female
2020-3815,Adrian,Montoya,BSMETE,4,Female
2025-3816,Denise,Padilla,BSCS,1,Male
2024-3817,Ralph,Manalo,BEED-SCIMAT,3,Male
2024-3818,Paula,Gonzales,BSMETE,1,Male
2024-3819,Paul,Manalo,BSED-PHY,1,Male
2021-3820,Carl,Fernandez,BAHIS,4,Male
2022-3821,John,Dela Cruz,BSIT,1,Female
2023-3822,Leo,Cortez,BETCET,1,Female
2024-3823,Maria,Robles,BTLED-HOMECO,3,Male
2024-3824,Arnold,Alvarez,BTLED-HOMECO,3,Male
2023-3825,Mark,Domingo,BSBIO-ANBIO,1,Male
2020-3826,Alyssa,Perez,BSCERE,1,Female
2020-3827,Sean,Cruz,BSCA,4,Male
2020-3828,Anna,David,BAPAN,4,Female
2024-3829,Karen,Salazar,BTLED-HOMECO,4,Female
2022-3830,Karen,Dela Cruz,BSME,1,Male
2026-3831,Victor,Salazar,BAHIS,2,Male
2020-3832,Paul,Hernandez,BSHM,5,Female
2021-3833,Arnold,Bernardo,BAPAN,5,Female
2020-3834,Grace,Reyes,BSN,4,Male
2026-3835,Patrick,Salazar,BSIAM,3,Male
2025-3836,Sophia,Yap,BAPSYCH,3,Female
2023-3837,Ethan,Manalo,BETMMT,4,Female
2025-3838,Ivy,Gonzales,N/A,3,Male
2020-3839,Leah,David,BSCHE,4,Female
2025-3840,Nicole,Reyes,BTLED-IA,3,Male
2021-3841,Adrian,Aquino,BSENE,2,Female
2026-3842,Patrick,Domingo,BSED-PHY,2,Female
2026-3843,Sean,Alvarez,BAPOLSCI,2,Male
2026-3844,Leah,Villanueva,BSE,1,Male
2024-3845,Joshua,Santos,BAPSYCH,4,Male
2020-3846,Rose,Gonzales,BSCERE,3,Male
2024-3847,Rose,Lopez,BSMB,2,Female
2022-3848,Jasmine,Perez,BETCET,4,Male
2026-3849,Arnold,Cruz,BETCET,2,Male
2023-3850,Leah,Mendoza,BSCE,4,Female
2020-3851,Angel,Flores,BEED-SCIMAT,4,Male
2024-3852,Leo,Mendoza,BAPOLSCI,3,Male
2021-3853,Gerald,Villanueva,BSBA-MM,1,Female
2020-3854,Carl,Espinoza,BSED-BIO,4,Female
2026-3855,Joshua,David,BSBA-MM,4,Male
2022-3856,Anna,Bernardo,BSPHY,2,Female
2020-3857,Denise,Yap,BSBIO-ANBIO,1,Female
2021-3858,Victor,Aquino,BSBIO,4,Male
2022-3859,Ethan,Cortez,BEED-SCIMAT,1,Female
2022-3860,Joshua,Navarro,BSE,4,Female
2026-3861,Shane,Dela Cruz,BETCHET,4,Male
2025-3862,Megan,Yap,BTLED-IA,1,Male
2026-3863,Adrian,Ramos,BSMB,2,Male
2025-3864,Leah,Valdez,BAELS,4,Female
2023-3865,Denise,Padilla,BPE,2,Female
2023-3866,Anna,Chavez,BETCET,5,Female
2023-3867,Arnold,Domingo,BSED-PHY,4,Female
2026-3868,Sean,Uy,BASOCIO,1,Male
2025-3869,Adrian,Bernardo,BSED-CHEM,1,Female
2021-3870,Shane,Valdez,BTLED-HOMECO,2,Female
2022-3871,Sean,Robles,BTLED-HOMECO,4,Male
2025-3872,Arnold,Velasco,BSCA,3,Female
2024-3873,Grace,Espinoza,BSESE,2,Female
2025-3874,Joshua,Espinoza,BSCHEM,1,Female
2024-3875,Patrick,Robles,BSPHY,1,Female
2025-3876,Gerald,Padilla,BSCE,3,Female
2022-3877,Victor,Valdez,N/A,4,Female
2026-3878,Anna,Yap,BSED-FIL,4,Female
2025-3879,Shane,Hernandez,BETMMT,2,Male
2023-3880,Leah,Rivera,BSCA,3,Male
2026-3881,Paul,Aquino,BSCS,3,Female
2025-3882,Maria,Hernandez,BSPSYCH,2,Female
2022-3883,Carla,Castro,BSMETE,3,Male
2023-3884,Joy,Bautista,BSCHEM,1,Female
2022-3885,John,Valdez,BSEE,4,Male
2022-3886,Patrick,Uy,BETELET,5,Male
2024-3887,Ivy,Chavez,BSED-BIO,2,Male
2026-3888,Carla,Lim,BSCHEM,5,Male
2021-3889,Camille,Mendoza,BEED-LE,5,Male
2020-3890,Marco,Aguilar,BAPAN,1,Male
2023-3891,Jasmine,David,BSED-FIL,4,Male
2026-3892,Leo,Uy,BSED-FIL,1,Male
2023-3893,Harold,Padilla,BAPHILO,5,Male
2023-3894,Ralph,Santos,BSED-CHEM,4,Male
2026-3895,Ivy,Torres,BETESET,4,Male
2020-3896,Maria,Santos,BEED-SCIMAT,1,Female
2020-3897,Carl,Bernardo,BTLED-HOMECO,5,Female
2020-3898,Sophia,Montoya,BSMETE,2,Female
2020-3899,Mark,Uy,N/A,3,Male
2024-3900,Karen,Bernardo,BPE,2,Female
2026-3901,Joy,Velasco,BSBA-MM,4,Male
2023-3902,Joshua,Garcia,BETCET,1,Male
2021-3903,Mark,Domingo,BSEM,5,Female
2024-3904,Daniel,Reyes,BSCHE,3,Male
2023-3905,Ethan,Ramos,BETCET,2,Female
2022-3906,Joshua,Domingo,BSHM,4,Male
2024-3907,Maria,Dela Cruz,BAPAN,1,Female
2025-3908,Grace,Salazar,BSED-MAT,2,Male
2021-3909,Angel,Yap,BSEE,4,Male
2021-3910,Rose,Velasco,BSMB,2,Male
2020-3911,Grace,Reyes,BETELET,1,Female
2024-3912,Anna,Torres,BSED-CHEM,4,Male
2021-3913,Megan,Chavez,BSMB,4,Female
2024-3914,Nicole,David,BSBIO,2,Female
2025-3915,Ivy,Valdez,BPE,2,Male
2026-3916,Gerald,Uy,BAFIL,3,Male
2020-3917,Daniel,Valdez,BETCET,1,Male
2025-3918,Sophia,Uy,BAELS,5,Female
2022-3919,Harold,Espinoza,BSMAT,2,Female
2020-3920,Leo,Gonzales,BSBIO-ANBIO,4,Male
2021-3921,Adrian,Villanueva,BSCS,2,Male
2026-3922,John,Reyes,BTLED-HOMECO,2,Female
2025-3923,Ethan,Domingo,BSCHEM,1,Female
2021-3924,Mark,Chavez,BSCHE,4,Female
2023-3925,Marco,David,BSSTAT,1,Male
2021-3926,Victor,Velasco,BSED-FIL,5,Male
2023-3927,Leah,Domingo,BASOCIO,4,Female
2025-3928,John,Manalo,BSMETE,4,Male
2021-3929,Rose,Lopez,BSBIO-ANBIO,2,Female
2020-3930,Arnold,Aquino,BPE,2,Male
2020-3931,Ralph,Cruz,BAPSYCH,3,Male
2025-3932,Sophia,Mendoza,N/A,2,Male
2025-3933,Marco,Pangilinan,BETMET,1,Male
2026-3934,Camille,Aguilar,BSIT,3,Male
2024-3935,Karen,Velasco,BAPSYCH,3,Male
2023-3936,Paula,Aquino,BAFIL,1,Female
2023-3937,Trisha,Pangilinan,BSCPE,1,Male
2026-3938,Ivy,Lopez,BSEM,3,Female
2025-3939,Nicole,Pangilinan,BTVTED-DT,2,Female
2020-3940,Noel,Rivera,BSBA-MM,4,Female
2021-3941,Leah,Suarez,BSIT,2,Female
2022-3942,Marco,Navarro,BAPAN,4,Female
2024-3943,Gerald,Velasco,BTVTED-DT,1,Male
2024-3944,Kevin,Espinoza,BTLED-HOMECO,3,Male
2023-3945,Patrick,Castro,BSCHE,5,Female
2025-3946,Ralph,Espinoza,BSED-MAT,5,Male
2026-3947,Leo,Chavez,BASOCIO,1,Male
2024-3948,Kevin,Ramos,BSBIO,1,Male
2024-3949,Arnold,Lim,BSED-CHEM,4,Male
2021-3950,Joy,Gonzales,BSHM,1,Male
2020-3951,Patrick,Cruz,BSCPE,2,Female
2022-3952,Joy,Padilla,BSCS,2,Male
2024-3953,Maria,Rivera,BSED-MAT,3,Male
2021-3954,Ethan,Lopez,BSIT,1,Male
2021-3955,Victor,Reyes,BSSTAT,2,Male
2020-3956,Sean,Pangilinan,BSESE,1,Male
2022-3957,Adrian,Garcia,BAHIS,1,Female
2022-3958,Kevin,Aguilar,BTLED-IA,5,Female
2020-3959,Rico,Fernandez,BSE,4,Female
2021-3960,Joshua,Espinoza,BTLED-HOMECO,3,Female
2025-3961,Gerald,Flores,BASOCIO,5,Female
2020-3962,Paul,Mendoza,BAELS,3,Male
2022-3963,Carl,Gonzales,BAPAN,4,Male
2023-3964,Victor,Montoya,BSMAT,2,Female
2022-3965,Denise,Reyes,BEED-LE,3,Female
2020-3966,Mark,Robles,BSED-FIL,1,Male
2026-3967,Carla,Flores,BSME,1,Female
2020-3968,Trisha,Navarro,BETCHET,5,Male
2020-3969,Paula,Perez,BSIT,3,Female
2025-3970,Daniel,Alvarez,BSENE,3,Female
2020-3971,Nicole,Domingo,BSIT,1,Female
2021-3972,Ralph,Aquino,BSCHEM,2,Female
2020-3973,Noel,Bautista,BSE,1,Male
2023-3974,Victor,Lopez,BSBIO,3,Male
2022-3975,Noel,Santos,BSEE,2,Female
2020-3976,Camille,Espinoza,BAPAN,5,Female
2021-3977,Victor,Bautista,BETELET,3,Female
2025-3978,Megan,Ramos,BETMMT,1,Female
2020-3979,Noel,Velasco,BTLED-HOMECO,4,Male
2021-3980,Ivy,Flores,BSHM,2,Female
2020-3981,Anna,Bernardo,BSENE,1,Male
2023-3982,Arnold,Montoya,BSCHE,5,Male
2021-3983,Jasmine,Manalo,BETMET,5,Female
2024-3984,Carla,Perez,BSMAT,4,Male
2025-3985,Joy,Montoya,BSIT,4,Male
2020-3986,Megan,Suarez,BETMMT,4,Female
2025-3987,John,Aquino,BASOCIO,3,Female
2021-3988,Ivy,Dela Cruz,BSCE,1,Female
2023-3989,Ralph,Rivera,BSPHY,1,Male
2025-3990,Alyssa,Ramos,BSIT,1,Female
2026-3991,Karen,Padilla,BSENE,1,Female
2022-3992,Jasmine,David,BSIS,5,Male
2026-3993,Paul,David,BSBIO-BOT,5,Male
2024-3994,Rico,Torres,BSA,3,Female
2021-3995,Victor,Montoya,BAPHILO,3,Male
2021-3996,Arnold,Santos,BSPSYCH,2,Female
2025-3997,Angel,Gonzales,BAPHILO,2,Female
2024-3998,Kevin,Fernandez,BSCS,4,Female
2025-3999,Harold,Pangilinan,BSENE,5,Male
2025-4000,Joshua,Lim,BSEM,3,Male
2026-9999,Al Jerrau,Maranon,BEED-SCIMAT,1,Male
2025-0888,Venus,Mars,BSCE,3,Female
